{
  "model_name": "Pythia-160M",
  "slug": "pythia-160m",
  "params_m": 160,
  "arch_family": "transformer",
  "device": "NVIDIA GeForce RTX 5080",
  "timestamp": "2026-03-01 23:32:41",
  "profiles": [
    {
      "mode": "conventional",
      "memory": {
        "params_mb": 619.212890625,
        "grads_mb": 0.0,
        "optimizer_mb": 1238.4263458251953,
        "activations_mb": 2694.9857635498047,
        "total_peak_mb": 4552.625
      },
      "timing": {
        "forward_time_s": 0.02862577432068065,
        "backward_time_s": 0.04751751357805915,
        "optimizer_step_s": 0.021435000981437042,
        "total_step_s": 0.09757828888017685
      },
      "memory_timeline": [
        3665.72216796875,
        4552.625,
        4552.625,
        4552.625,
        4552.625,
        4552.625,
        4552.625,
        4552.625,
        4552.625,
        4552.625,
        4552.625,
        4552.625,
        4552.625,
        4552.625,
        4552.625,
        4552.625,
        4552.625,
        4552.625,
        4552.625,
        4552.625,
        4552.625,
        4552.625,
        4552.625,
        4552.625,
        4552.625,
        4552.625,
        4552.625,
        4552.625,
        4552.625,
        4552.625,
        4552.625,
        4552.625,
        4552.625,
        4552.625,
        4552.625,
        4552.625,
        4552.625,
        4552.625,
        4552.625,
        4552.625,
        4552.625,
        4552.625,
        4552.625,
        4552.625,
        4552.625,
        4552.625,
        4552.625,
        4552.625,
        4552.625,
        4552.625
      ],
      "throughput": 20988.27539920157,
      "throughput_unit": "tokens/sec",
      "num_steps": 50
    },
    {
      "mode": "bwsk_analyzed",
      "memory": {
        "params_mb": 619.212890625,
        "grads_mb": 0.0,
        "optimizer_mb": 1238.4263458251953,
        "activations_mb": 2697.6107635498047,
        "total_peak_mb": 4555.25
      },
      "timing": {
        "forward_time_s": 0.028629876535851508,
        "backward_time_s": 0.047469089693622665,
        "optimizer_step_s": 0.021387675717705862,
        "total_step_s": 0.09748664194718004
      },
      "memory_timeline": [
        3666.09716796875,
        4555.25,
        4555.25,
        4555.25,
        4555.25,
        4555.25,
        4555.25,
        4555.25,
        4555.25,
        4555.25,
        4555.25,
        4555.25,
        4555.25,
        4555.25,
        4555.25,
        4555.25,
        4555.25,
        4555.25,
        4555.25,
        4555.25,
        4555.25,
        4555.25,
        4555.25,
        4555.25,
        4555.25,
        4555.25,
        4555.25,
        4555.25,
        4555.25,
        4555.25,
        4555.25,
        4555.25,
        4555.25,
        4555.25,
        4555.25,
        4555.25,
        4555.25,
        4555.25,
        4555.25,
        4555.25,
        4555.25,
        4555.25,
        4555.25,
        4555.25,
        4555.25,
        4555.25,
        4555.25,
        4555.25,
        4555.25,
        4555.25
      ],
      "throughput": 21008.006421122212,
      "throughput_unit": "tokens/sec",
      "num_steps": 50
    },
    {
      "mode": "bwsk_reversible",
      "memory": {
        "params_mb": 619.212890625,
        "grads_mb": 0.0,
        "optimizer_mb": 1238.4263458251953,
        "activations_mb": 1681.8646697998047,
        "total_peak_mb": 3539.50390625
      },
      "timing": {
        "forward_time_s": 0.02789942751871422,
        "backward_time_s": 0.06199644580250606,
        "optimizer_step_s": 0.02137707404093817,
        "total_step_s": 0.11127294736215844
      },
      "memory_timeline": [
        3519.22216796875,
        3539.50390625,
        3539.50390625,
        3539.50390625,
        3539.50390625,
        3539.50390625,
        3539.50390625,
        3539.50390625,
        3539.50390625,
        3539.50390625,
        3539.50390625,
        3539.50390625,
        3539.50390625,
        3539.50390625,
        3539.50390625,
        3539.50390625,
        3539.50390625,
        3539.50390625,
        3539.50390625,
        3539.50390625,
        3539.50390625,
        3539.50390625,
        3539.50390625,
        3539.50390625,
        3539.50390625,
        3539.50390625,
        3539.50390625,
        3539.50390625,
        3539.50390625,
        3539.50390625,
        3539.50390625,
        3539.50390625,
        3539.50390625,
        3539.50390625,
        3539.50390625,
        3539.50390625,
        3539.50390625,
        3539.50390625,
        3539.50390625,
        3539.50390625,
        3539.50390625,
        3539.50390625,
        3539.50390625,
        3539.50390625,
        3539.50390625,
        3539.50390625,
        3539.50390625,
        3539.50390625,
        3539.50390625,
        3539.50390625
      ],
      "throughput": 18405.192354026574,
      "throughput_unit": "tokens/sec",
      "num_steps": 50
    }
  ]
}