{
  "model_name": "Pythia-410M",
  "slug": "pythia-410m",
  "params_m": 405,
  "arch_family": "transformer",
  "device": "NVIDIA GeForce RTX 5080",
  "timestamp": "2026-03-01 23:33:20",
  "profiles": [
    {
      "mode": "conventional",
      "memory": {
        "params_mb": 773.11328125,
        "grads_mb": 0.0,
        "optimizer_mb": 1546.2276763916016,
        "activations_mb": 4197.439804077148,
        "total_peak_mb": 6516.78076171875
      },
      "timing": {
        "forward_time_s": 0.019462046882836148,
        "backward_time_s": 0.029991741990670562,
        "optimizer_step_s": 0.02903956698719412,
        "total_step_s": 0.07849335586070083
      },
      "memory_timeline": [
        4174.08349609375
      ],
      "throughput": 992.1195737634484,
      "throughput_unit": "tokens/sec",
      "num_steps": 50
    },
    {
      "mode": "bwsk_analyzed",
      "memory": {
        "params_mb": 773.11328125,
        "grads_mb": 0.0,
        "optimizer_mb": 1546.2276763916016,
        "activations_mb": 4197.439804077148,
        "total_peak_mb": 6516.78076171875
      },
      "timing": {
        "forward_time_s": 0.01932751792599447,
        "backward_time_s": 0.03052618697984144,
        "optimizer_step_s": 0.02949205500772223,
        "total_step_s": 0.07934575991355813
      },
      "memory_timeline": [
        4174.08349609375
      ],
      "throughput": 997.6674279421721,
      "throughput_unit": "tokens/sec",
      "num_steps": 50
    },
    {
      "mode": "bwsk_reversible",
      "memory": {
        "params_mb": 773.11328125,
        "grads_mb": 0.0,
        "optimizer_mb": 1546.2276763916016,
        "activations_mb": 1662.7425384521484,
        "total_peak_mb": 3982.08349609375
      },
      "timing": {
        "forward_time_s": 0.018406703333603218,
        "backward_time_s": 0.04296954203164205,
        "optimizer_step_s": 0.02950298401992768,
        "total_step_s": 0.09087922938517295
      },
      "memory_timeline": [
        3982.08349609375
      ],
      "throughput": 1031.4182771715266,
      "throughput_unit": "tokens/sec",
      "num_steps": 50
    }
  ]
}