{
  "model_name": "Mamba-130M",
  "slug": "mamba-130m",
  "params_m": 130,
  "arch_family": "ssm",
  "device": "NVIDIA GeForce RTX 5080",
  "timestamp": "2026-03-01 23:34:14",
  "profiles": [
    {
      "mode": "conventional",
      "memory": {
        "params_mb": 492.6123046875,
        "grads_mb": 0.0,
        "optimizer_mb": 985.2255325317383,
        "activations_mb": 2946.3882369995117,
        "total_peak_mb": 4424.22607421875
      },
      "timing": {
        "forward_time_s": 0.03665138850104995,
        "backward_time_s": 0.0667205516831018,
        "optimizer_step_s": 0.016688633494777606,
        "total_step_s": 0.12006057367892935
      },
      "memory_timeline": [
        3438.71826171875,
        4424.22607421875,
        4424.22607421875,
        4424.22607421875,
        4424.22607421875,
        4424.22607421875,
        4424.22607421875,
        4424.22607421875,
        4424.22607421875,
        4424.22607421875,
        4424.22607421875,
        4424.22607421875,
        4424.22607421875,
        4424.22607421875,
        4424.22607421875,
        4424.22607421875,
        4424.22607421875,
        4424.22607421875,
        4424.22607421875,
        4424.22607421875,
        4424.22607421875,
        4424.22607421875,
        4424.22607421875,
        4424.22607421875,
        4424.22607421875,
        4424.22607421875,
        4424.22607421875,
        4424.22607421875,
        4424.22607421875,
        4424.22607421875,
        4424.22607421875,
        4424.22607421875,
        4424.22607421875,
        4424.22607421875,
        4424.22607421875,
        4424.22607421875,
        4424.22607421875,
        4424.22607421875,
        4424.22607421875,
        4424.22607421875,
        4424.22607421875,
        4424.22607421875,
        4424.22607421875,
        4424.22607421875,
        4424.22607421875,
        4424.22607421875,
        4424.22607421875,
        4424.22607421875,
        4424.22607421875,
        4424.22607421875
      ],
      "throughput": 17058.056089893766,
      "throughput_unit": "tokens/sec",
      "num_steps": 50
    },
    {
      "mode": "bwsk_analyzed",
      "memory": {
        "params_mb": 492.6123046875,
        "grads_mb": 0.0,
        "optimizer_mb": 985.2255325317383,
        "activations_mb": 2946.3882369995117,
        "total_peak_mb": 4424.22607421875
      },
      "timing": {
        "forward_time_s": 0.03641597492154688,
        "backward_time_s": 0.06360530789475888,
        "optimizer_step_s": 0.016647155618993565,
        "total_step_s": 0.11666843843529932
      },
      "memory_timeline": [
        3438.71826171875,
        4424.22607421875,
        4424.22607421875,
        4424.22607421875,
        4424.22607421875,
        4424.22607421875,
        4424.22607421875,
        4424.22607421875,
        4424.22607421875,
        4424.22607421875,
        4424.22607421875,
        4424.22607421875,
        4424.22607421875,
        4424.22607421875,
        4424.22607421875,
        4424.22607421875,
        4424.22607421875,
        4424.22607421875,
        4424.22607421875,
        4424.22607421875,
        4424.22607421875,
        4424.22607421875,
        4424.22607421875,
        4424.22607421875,
        4424.22607421875,
        4424.22607421875,
        4424.22607421875,
        4424.22607421875,
        4424.22607421875,
        4424.22607421875,
        4424.22607421875,
        4424.22607421875,
        4424.22607421875,
        4424.22607421875,
        4424.22607421875,
        4424.22607421875,
        4424.22607421875,
        4424.22607421875,
        4424.22607421875,
        4424.22607421875,
        4424.22607421875,
        4424.22607421875,
        4424.22607421875,
        4424.22607421875,
        4424.22607421875,
        4424.22607421875,
        4424.22607421875,
        4424.22607421875,
        4424.22607421875,
        4424.22607421875
      ],
      "throughput": 17554.01912862455,
      "throughput_unit": "tokens/sec",
      "num_steps": 50
    },
    {
      "mode": "bwsk_reversible",
      "memory": {
        "params_mb": 492.6123046875,
        "grads_mb": 0.0,
        "optimizer_mb": 985.2255325317383,
        "activations_mb": 1751.0913619995117,
        "total_peak_mb": 3228.92919921875
      },
      "timing": {
        "forward_time_s": 0.03648647299967706,
        "backward_time_s": 0.09108173469780013,
        "optimizer_step_s": 0.016623784402618184,
        "total_step_s": 0.1441919921000954
      },
      "memory_timeline": [
        2875.92138671875,
        3228.92919921875,
        3228.92919921875,
        3228.92919921875,
        3228.92919921875,
        3228.92919921875,
        3228.92919921875,
        3228.92919921875,
        3228.92919921875,
        3228.92919921875,
        3228.92919921875,
        3228.92919921875,
        3228.92919921875,
        3228.92919921875,
        3228.92919921875,
        3228.92919921875,
        3228.92919921875,
        3228.92919921875,
        3228.92919921875,
        3228.92919921875,
        3228.92919921875,
        3228.92919921875,
        3228.92919921875,
        3228.92919921875,
        3228.92919921875,
        3228.92919921875,
        3228.92919921875,
        3228.92919921875,
        3228.92919921875,
        3228.92919921875,
        3228.92919921875,
        3228.92919921875,
        3228.92919921875,
        3228.92919921875,
        3228.92919921875,
        3228.92919921875,
        3228.92919921875,
        3228.92919921875,
        3228.92919921875,
        3228.92919921875,
        3228.92919921875,
        3228.92919921875,
        3228.92919921875,
        3228.92919921875,
        3228.92919921875,
        3228.92919921875,
        3228.92919921875,
        3228.92919921875,
        3228.92919921875,
        3228.92919921875
      ],
      "throughput": 14203.28528770389,
      "throughput_unit": "tokens/sec",
      "num_steps": 50
    }
  ]
}