{
  "model_name": "GPT-2 Medium",
  "slug": "gpt2-medium",
  "params_m": 345,
  "arch_family": "transformer",
  "device": "NVIDIA GeForce RTX 5080",
  "timestamp": "2026-03-01 23:33:07",
  "profiles": [
    {
      "mode": "conventional",
      "memory": {
        "params_mb": 1353.54296875,
        "grads_mb": 0.0,
        "optimizer_mb": 2707.0870513916016,
        "activations_mb": 3550.8797454833984,
        "total_peak_mb": 7611.509765625
      },
      "timing": {
        "forward_time_s": 0.022090341697912665,
        "backward_time_s": 0.039438169359928,
        "optimizer_step_s": 0.047333878825884315,
        "total_step_s": 0.10886238988372499
      },
      "memory_timeline": [
        6980.13916015625,
        7611.3515625,
        7611.3515625,
        7611.3515625,
        7611.3515625,
        7611.3515625,
        7611.3515625,
        7611.3515625,
        7611.3515625,
        7611.509765625,
        7611.509765625,
        7611.509765625,
        7611.509765625,
        7611.509765625,
        7611.509765625,
        7611.509765625,
        7611.509765625,
        7611.509765625,
        7611.509765625,
        7611.509765625,
        7611.509765625,
        7611.509765625,
        7611.509765625,
        7611.509765625,
        7611.509765625,
        7611.509765625,
        7611.509765625,
        7611.509765625,
        7611.509765625,
        7611.509765625,
        7611.509765625,
        7611.509765625,
        7611.509765625,
        7611.509765625,
        7611.509765625,
        7611.509765625,
        7611.509765625,
        7611.509765625,
        7611.509765625,
        7611.509765625,
        7611.509765625,
        7611.509765625,
        7611.509765625,
        7611.509765625,
        7611.509765625,
        7611.509765625,
        7611.509765625,
        7611.509765625,
        7611.509765625,
        7611.509765625
      ],
      "throughput": 9406.370750207909,
      "throughput_unit": "tokens/sec",
      "num_steps": 50
    },
    {
      "mode": "bwsk_analyzed",
      "memory": {
        "params_mb": 1353.54296875,
        "grads_mb": 0.0,
        "optimizer_mb": 2707.0870513916016,
        "activations_mb": 3550.8797454833984,
        "total_peak_mb": 7611.509765625
      },
      "timing": {
        "forward_time_s": 0.020713754158932715,
        "backward_time_s": 0.03936382394633256,
        "optimizer_step_s": 0.047390874279662966,
        "total_step_s": 0.10746845238492825
      },
      "memory_timeline": [
        6980.13916015625,
        7611.3515625,
        7611.3515625,
        7611.3515625,
        7611.3515625,
        7611.3515625,
        7611.509765625,
        7611.509765625,
        7611.509765625,
        7611.509765625,
        7611.509765625,
        7611.509765625,
        7611.509765625,
        7611.509765625,
        7611.509765625,
        7611.509765625,
        7611.509765625,
        7611.509765625,
        7611.509765625,
        7611.509765625,
        7611.509765625,
        7611.509765625,
        7611.509765625,
        7611.509765625,
        7611.509765625,
        7611.509765625,
        7611.509765625,
        7611.509765625,
        7611.509765625,
        7611.509765625,
        7611.509765625,
        7611.509765625,
        7611.509765625,
        7611.509765625,
        7611.509765625,
        7611.509765625,
        7611.509765625,
        7611.509765625,
        7611.509765625,
        7611.509765625,
        7611.509765625,
        7611.509765625,
        7611.509765625,
        7611.509765625,
        7611.509765625,
        7611.509765625,
        7611.509765625,
        7611.509765625,
        7611.509765625,
        7611.509765625
      ],
      "throughput": 9528.377652003943,
      "throughput_unit": "tokens/sec",
      "num_steps": 50
    },
    {
      "mode": "bwsk_reversible",
      "memory": {
        "params_mb": 1353.54296875,
        "grads_mb": 0.0,
        "optimizer_mb": 2707.0870513916016,
        "activations_mb": 2823.5091400146484,
        "total_peak_mb": 6884.13916015625
      },
      "timing": {
        "forward_time_s": 0.01957115122349933,
        "backward_time_s": 0.05484389342134818,
        "optimizer_step_s": 0.047312930203042926,
        "total_step_s": 0.12172797484789044
      },
      "memory_timeline": [
        6884.13916015625,
        6884.13916015625,
        6884.13916015625,
        6884.13916015625,
        6884.13916015625,
        6884.13916015625,
        6884.13916015625,
        6884.13916015625,
        6884.13916015625,
        6884.13916015625,
        6884.13916015625,
        6884.13916015625,
        6884.13916015625,
        6884.13916015625,
        6884.13916015625,
        6884.13916015625,
        6884.13916015625,
        6884.13916015625,
        6884.13916015625,
        6884.13916015625,
        6884.13916015625,
        6884.13916015625,
        6884.13916015625,
        6884.13916015625,
        6884.13916015625,
        6884.13916015625,
        6884.13916015625,
        6884.13916015625,
        6884.13916015625,
        6884.13916015625,
        6884.13916015625,
        6884.13916015625,
        6884.13916015625,
        6884.13916015625,
        6884.13916015625,
        6884.13916015625,
        6884.13916015625,
        6884.13916015625,
        6884.13916015625,
        6884.13916015625,
        6884.13916015625,
        6884.13916015625,
        6884.13916015625,
        6884.13916015625,
        6884.13916015625,
        6884.13916015625,
        6884.13916015625,
        6884.13916015625,
        6884.13916015625,
        6884.13916015625
      ],
      "throughput": 8412.199424820597,
      "throughput_unit": "tokens/sec",
      "num_steps": 50
    }
  ]
}