{
  "model_name": "Pythia-70M",
  "slug": "pythia-70m",
  "params_m": 70,
  "arch_family": "transformer",
  "device": "NVIDIA GeForce RTX 5080",
  "timestamp": "2026-03-01 23:32:16",
  "profiles": [
    {
      "mode": "conventional",
      "memory": {
        "params_mb": 268.65625,
        "grads_mb": 0.0,
        "optimizer_mb": 537.3127899169922,
        "activations_mb": 3906.907913208008,
        "total_peak_mb": 4712.876953125
      },
      "timing": {
        "forward_time_s": 0.02121023995918222,
        "backward_time_s": 0.035949511140352115,
        "optimizer_step_s": 0.00925343923852779,
        "total_step_s": 0.06641319033806212
      },
      "memory_timeline": [
        4160.564453125,
        4712.876953125,
        4712.876953125,
        4712.876953125,
        4712.876953125,
        4712.876953125,
        4712.876953125,
        4712.876953125,
        4712.876953125,
        4712.876953125,
        4712.876953125,
        4712.876953125,
        4712.876953125,
        4712.876953125,
        4712.876953125,
        4712.876953125,
        4712.876953125,
        4712.876953125,
        4712.876953125,
        4712.876953125,
        4712.876953125,
        4712.876953125,
        4712.876953125,
        4712.876953125,
        4712.876953125,
        4712.876953125,
        4712.876953125,
        4712.876953125,
        4712.876953125,
        4712.876953125,
        4712.876953125,
        4712.876953125,
        4712.876953125,
        4712.876953125,
        4712.876953125,
        4712.876953125,
        4712.876953125,
        4712.876953125,
        4712.876953125,
        4712.876953125,
        4712.876953125,
        4712.876953125,
        4712.876953125,
        4712.876953125,
        4712.876953125,
        4712.876953125,
        4712.876953125,
        4712.876953125,
        4712.876953125,
        4712.876953125
      ],
      "throughput": 61674.49536982321,
      "throughput_unit": "tokens/sec",
      "num_steps": 50
    },
    {
      "mode": "bwsk_analyzed",
      "memory": {
        "params_mb": 268.65625,
        "grads_mb": 0.0,
        "optimizer_mb": 537.3127899169922,
        "activations_mb": 3903.407913208008,
        "total_peak_mb": 4709.376953125
      },
      "timing": {
        "forward_time_s": 0.019896733585046605,
        "backward_time_s": 0.035778661819640546,
        "optimizer_step_s": 0.009009742019698024,
        "total_step_s": 0.06468513742438517
      },
      "memory_timeline": [
        4169.064453125,
        4709.376953125,
        4709.376953125,
        4709.376953125,
        4709.376953125,
        4709.376953125,
        4709.376953125,
        4709.376953125,
        4709.376953125,
        4709.376953125,
        4709.376953125,
        4709.376953125,
        4709.376953125,
        4709.376953125,
        4709.376953125,
        4709.376953125,
        4709.376953125,
        4709.376953125,
        4709.376953125,
        4709.376953125,
        4709.376953125,
        4709.376953125,
        4709.376953125,
        4709.376953125,
        4709.376953125,
        4709.376953125,
        4709.376953125,
        4709.376953125,
        4709.376953125,
        4709.376953125,
        4709.376953125,
        4709.376953125,
        4709.376953125,
        4709.376953125,
        4709.376953125,
        4709.376953125,
        4709.376953125,
        4709.376953125,
        4709.376953125,
        4709.376953125,
        4709.376953125,
        4709.376953125,
        4709.376953125,
        4709.376953125,
        4709.376953125,
        4709.376953125,
        4709.376953125,
        4709.376953125,
        4709.376953125,
        4709.376953125
      ],
      "throughput": 63322.119471232334,
      "throughput_unit": "tokens/sec",
      "num_steps": 50
    },
    {
      "mode": "bwsk_reversible",
      "memory": {
        "params_mb": 268.65625,
        "grads_mb": 0.0,
        "optimizer_mb": 537.3127899169922,
        "activations_mb": 3228.286819458008,
        "total_peak_mb": 4034.255859375
      },
      "timing": {
        "forward_time_s": 0.019703732640482485,
        "backward_time_s": 0.042589333960786464,
        "optimizer_step_s": 0.009043481464032084,
        "total_step_s": 0.07133654806530103
      },
      "memory_timeline": [
        3495.943359375,
        4034.255859375,
        4034.255859375,
        4034.255859375,
        4034.255859375,
        4034.255859375,
        4034.255859375,
        4034.255859375,
        4034.255859375,
        4034.255859375,
        4034.255859375,
        4034.255859375,
        4034.255859375,
        4034.255859375,
        4034.255859375,
        4034.255859375,
        4034.255859375,
        4034.255859375,
        4034.255859375,
        4034.255859375,
        4034.255859375,
        4034.255859375,
        4034.255859375,
        4034.255859375,
        4034.255859375,
        4034.255859375,
        4034.255859375,
        4034.255859375,
        4034.255859375,
        4034.255859375,
        4034.255859375,
        4034.255859375,
        4034.255859375,
        4034.255859375,
        4034.255859375,
        4034.255859375,
        4034.255859375,
        4034.255859375,
        4034.255859375,
        4034.255859375,
        4034.255859375,
        4034.255859375,
        4034.255859375,
        4034.255859375,
        4034.255859375,
        4034.255859375,
        4034.255859375,
        4034.255859375,
        4034.255859375,
        4034.255859375
      ],
      "throughput": 57417.97312999428,
      "throughput_unit": "tokens/sec",
      "num_steps": 50
    }
  ]
}