{
  "bert-base": 3221.46728515625,
  "efficientnet-b0": 2791.98583984375,
  "gpt2-medium": 7511.6552734375,
  "gpt2-small": 4839.6728515625,
  "mamba-130m": 2487.46435546875,
  "mamba-370m": 7102.36572265625,
  "mobilenetv2": 2462.89453125,
  "opt-350m": 5502.07666015625,
  "pythia-160m": 3511.90869140625,
  "pythia-1b": 10860.3046875,
  "pythia-410m": 6227.28076171875,
  "pythia-70m": 3967.31201171875,
  "resnet50": 2977.66796875,
  "switch-base-8": 12917.58154296875,
  "t5-small": 1984.8505859375,
  "vit-base": 4713.095703125
}